﻿<?xml version="1.0" encoding="utf-8"?>
<deck>
	<card>
		<name>Capitalism: Users</name>
		<description>This card targets a player and lowers their users by 100.</description>
		<target>Target Others</target>
		<attribute>Users</attribute>
		<amount>-100</amount>
		<cost>10</cost>
	</card>
	<card>
		<name>Capitalism: Money</name>
		<description>This card targets a player and lowers their money by 500.</description>
		<target>Target Others</target>
		<attribute>Money</attribute>
		<amount>-500</amount>
		<cost>10</cost>
	</card>
	<card>
		<name>Capitalism: Bandwidth</name>
		<description>This card targets a player and lowers their bandwidth by 5.</description>
		<target>Target Others</target>
		<attribute>Bandwidth</attribute>
		<amount>-5</amount>
		<cost>10</cost>
	</card>
	<card>
		<name>Capitalism: Memes</name>
		<description>This card targets a player and lowers their memes by 2.</description>
		<target>Target Others</target>
		<attribute>Memes</attribute>
		<amount>-2</amount>
		<cost>10</cost>
	</card>
	
	
	
	<card>
		<name>Good Investment: Users</name>
		<description>This card increases your users by 100.</description>
		<target>Self Target</target>
		<attribute>Users</attribute>
		<amount>100</amount>
		<cost>10</cost>
	</card>
	<card>
		<name>Good Investment: Money</name>
		<description>This card increases your money by 500.</description>
		<target>Self Target</target>
		<attribute>Money</attribute>
		<amount>500</amount>
		<cost>10</cost>
	</card>
	<card>
		<name>Good Investment: Bandwidth</name>
		<description>This card increases your bandwidth by 5.</description>
		<target>Self Target</target>
		<attribute>Bandwidth</attribute>
		<amount>5</amount>
		<cost>10</cost>
	</card>
	<card>
		<name>Good Investment: Memes</name>
		<description>This card increases your memes by 2.</description>
		<target>Self Target</target>
		<attribute>Memes</attribute>
		<amount>2</amount>
		<cost>10</cost>
	</card>


	<card>
		<name>Bad Investment: Users</name>
		<description>This card decreases your users by 100.</description>
		<target>Self Target</target>
		<attribute>Users</attribute>
		<amount>-100</amount>
		<cost>10</cost>
	</card>
	<card>
		<name>Bad Investment: Money</name>
		<description>This card decreases your money by 500.</description>
		<target>Self Target</target>
		<attribute>Money</attribute>
		<amount>-500</amount>
		<cost>10</cost>
	</card>
	<card>
		<name>Bad Investment: Bandwidth</name>
		<description>This card decreases your bandwidth by 5.</description>
		<target>Self Target</target>
		<attribute>Bandwidth</attribute>
		<amount>-5</amount>
		<cost>10</cost>
	</card>
	<card>
		<name>Bad Investment: Memes</name>
		<description>This card decreases your memes by 2.</description>
		<target>Self Target</target>
		<attribute>Memes</attribute>
		<amount>-2</amount>
		<cost>10</cost>
	</card>

	
	
	<card>
		<name>Capitalism: Users</name>
		<description>This card targets a player and lowers their users by 1000.</description>
		<target>Target Others</target>
		<attribute>Users</attribute>
		<amount>-1000</amount>
		<cost>100</cost>
	</card>
	<card>
		<name>Capitalism: Money</name>
		<description>This card targets a player and lowers their money by 5000.</description>
		<target>Target Others</target>
		<attribute>Money</attribute>
		<amount>-5000</amount>
		<cost>100</cost>
	</card>
	<card>
		<name>Capitalism: Bandwidth</name>
		<description>This card targets a player and lowers their bandwidth by 20.</description>
		<target>Target Others</target>
		<attribute>Bandwidth</attribute>
		<amount>-20</amount>
		<cost>100</cost>
	</card>
	<card>
		<name>Capitalism: Memes</name>
		<description>This card targets a player and lowers their memes by 10.</description>
		<target>Target Others</target>
		<attribute>Memes</attribute>
		<amount>-10</amount>
		<cost>100</cost>
	</card>



	<card>
		<name>Good Investment: Users</name>
		<description>This card increases your users by 1000.</description>
		<target>Self Target</target>
		<attribute>Users</attribute>
		<amount>1000</amount>
		<cost>100</cost>
	</card>
	<card>
		<name>Good Investment: Money</name>
		<description>This card increases your money by 5000.</description>
		<target>Self Target</target>
		<attribute>Money</attribute>
		<amount>5000</amount>
		<cost>100</cost>
	</card>
	<card>
		<name>Good Investment: Bandwidth</name>
		<description>This card increases your bandwidth by 20.</description>
		<target>Self Target</target>
		<attribute>Bandwidth</attribute>
		<amount>20</amount>
		<cost>100</cost>
	</card>
	<card>
		<name>Good Investment: Memes</name>
		<description>This card increases your memes by 10.</description>
		<target>Self Target</target>
		<attribute>Memes</attribute>
		<amount>10</amount>
		<cost>100</cost>
	</card>


	<card>
		<name>Bad Investment: Users</name>
		<description>This card decreases your users by 1000.</description>
		<target>Self Target</target>
		<attribute>Users</attribute>
		<amount>-1000</amount>
		<cost>100</cost>
	</card>
	<card>
		<name>Bad Investment: Money</name>
		<description>This card decreases your money by 5000.</description>
		<target>Self Target</target>
		<attribute>Money</attribute>
		<amount>-5000</amount>
		<cost>100</cost>
	</card>
	<card>
		<name>Bad Investment: Bandwidth</name>
		<description>This card decreases your bandwidth by 20.</description>
		<target>Self Target</target>
		<attribute>Bandwidth</attribute>
		<amount>-20</amount>
		<cost>100</cost>
	</card>
	<card>
		<name>Bad Investment: Memes</name>
		<description>This card decreases your memes by 10.</description>
		<target>Self Target</target>
		<attribute>Memes</attribute>
		<amount>-10</amount>
		<cost>100</cost>
	</card>



	<card>
		<name>Capitalism: Users</name>
		<description>This card targets a player and lowers their users by 10000.</description>
		<target>Target Others</target>
		<attribute>Users</attribute>
		<amount>-10000</amount>
		<cost>1000</cost>
	</card>
	<card>
		<name>Capitalism: Money</name>
		<description>This card targets a player and lowers their money by 50000.</description>
		<target>Target Others</target>
		<attribute>Money</attribute>
		<amount>-50000</amount>
		<cost>1000</cost>
	</card>
	<card>
		<name>Capitalism: Bandwidth</name>
		<description>This card targets a player and lowers their bandwidth by 50.</description>
		<target>Target Others</target>
		<attribute>Bandwidth</attribute>
		<amount>-50</amount>
		<cost>1000</cost>
	</card>
	<card>
		<name>Capitalism: Memes</name>
		<description>This card targets a player and lowers their memes by 20.</description>
		<target>Target Others</target>
		<attribute>Memes</attribute>
		<amount>-20</amount>
		<cost>1000</cost>
	</card>



	<card>
		<name>Good Investment: Users</name>
		<description>This card increases your users by 10000.</description>
		<target>Self Target</target>
		<attribute>Users</attribute>
		<amount>10000</amount>
		<cost>1000</cost>
	</card>
	<card>
		<name>Good Investment: Money</name>
		<description>This card increases your money by 50000.</description>
		<target>Self Target</target>
		<attribute>Money</attribute>
		<amount>50000</amount>
		<cost>1000</cost>
	</card>
	<card>
		<name>Good Investment: Bandwidth</name>
		<description>This card increases your bandwidth by 50.</description>
		<target>Self Target</target>
		<attribute>Bandwidth</attribute>
		<amount>50</amount>
		<cost>1000</cost>
	</card>
	<card>
		<name>Good Investment: Memes</name>
		<description>This card increases your memes by 20.</description>
		<target>Self Target</target>
		<attribute>Memes</attribute>
		<amount>20</amount>
		<cost>1000</cost>
	</card>


	<card>
		<name>Bad Investment: Users</name>
		<description>This card decreases your users by 10000.</description>
		<target>Self Target</target>
		<attribute>Users</attribute>
		<amount>-10000</amount>
		<cost>1000</cost>
	</card>
	<card>
		<name>Bad Investment: Money</name>
		<description>This card decreases your money by 50000.</description>
		<target>Self Target</target>
		<attribute>Money</attribute>
		<amount>-50000</amount>
		<cost>1000</cost>
	</card>
	<card>
		<name>Bad Investment: Bandwidth</name>
		<description>This card decreases your bandwidth by 50.</description>
		<target>Self Target</target>
		<attribute>Bandwidth</attribute>
		<amount>-50</amount>
		<cost>1000</cost>
	</card>
	<card>
		<name>Bad Investment: Memes</name>
		<description>This card decreases your memes by 20.</description>
		<target>Self Target</target>
		<attribute>Memes</attribute>
		<amount>-20</amount>
		<cost>1000</cost>
	</card>
</deck>